seq,utc,elapsed_s,symptoms,layer,target,family,method,state,latency_ms,stage
0,2026-09-13T21:43:00+00:00,0.0,,gateway,gateway-1,4,icmp,ok,1.4,
0,2026-09-13T21:43:00+00:00,0.0,,internet,cloudflare-ipv4,4,tcp/443,ok,37.0,
0,2026-09-13T21:43:00+00:00,0.0,,internet,google-ipv4,4,tcp/53,ok,37.0,
0,2026-09-13T21:43:00+00:00,0.0,,internet,quad9-ipv4,4,tcp/53,ok,37.0,
0,2026-09-13T21:43:00+00:00,0.0,,dns-system,hostname-1,4,resolve,ok,12.0,
0,2026-09-13T21:43:00+00:00,0.0,,dns-query,hostname-1,4,resolve,ok,12.0,
0,2026-09-13T21:43:00+00:00,0.0,,dns-system,hostname-2,4,resolve,ok,12.0,
0,2026-09-13T21:43:00+00:00,0.0,,dns-query,hostname-2,4,resolve,ok,12.0,
0,2026-09-13T21:43:00+00:00,0.0,,service,hostname-1,0,https-head,ok,48.0,http
1,2026-09-13T21:43:01+00:00,1.0,,gateway,gateway-1,4,icmp,ok,1.4,
1,2026-09-13T21:43:01+00:00,1.0,,internet,cloudflare-ipv4,4,tcp/443,ok,37.0,
1,2026-09-13T21:43:01+00:00,1.0,,internet,google-ipv4,4,tcp/53,ok,37.0,
1,2026-09-13T21:43:01+00:00,1.0,,internet,quad9-ipv4,4,tcp/53,ok,37.0,
1,2026-09-13T21:43:01+00:00,1.0,,dns-system,hostname-1,4,resolve,ok,12.0,
1,2026-09-13T21:43:01+00:00,1.0,,dns-query,hostname-1,4,resolve,ok,12.0,
1,2026-09-13T21:43:01+00:00,1.0,,dns-system,hostname-2,4,resolve,ok,12.0,
1,2026-09-13T21:43:01+00:00,1.0,,dns-query,hostname-2,4,resolve,ok,12.0,
1,2026-09-13T21:43:01+00:00,1.0,,service,hostname-1,0,https-head,ok,48.0,http
2,2026-09-13T21:43:02+00:00,2.0,,gateway,gateway-1,4,icmp,ok,1.4,
2,2026-09-13T21:43:02+00:00,2.0,,internet,cloudflare-ipv4,4,tcp/443,ok,37.0,
2,2026-09-13T21:43:02+00:00,2.0,,internet,google-ipv4,4,tcp/53,ok,37.0,
2,2026-09-13T21:43:02+00:00,2.0,,internet,quad9-ipv4,4,tcp/53,ok,37.0,
2,2026-09-13T21:43:02+00:00,2.0,,dns-system,hostname-1,4,resolve,ok,12.0,
2,2026-09-13T21:43:02+00:00,2.0,,dns-query,hostname-1,4,resolve,ok,12.0,
2,2026-09-13T21:43:02+00:00,2.0,,dns-system,hostname-2,4,resolve,ok,12.0,
2,2026-09-13T21:43:02+00:00,2.0,,dns-query,hostname-2,4,resolve,ok,12.0,
2,2026-09-13T21:43:02+00:00,2.0,,service,hostname-1,0,https-head,ok,48.0,http
3,2026-09-13T21:43:03+00:00,3.0,,gateway,gateway-1,4,icmp,ok,1.4,
3,2026-09-13T21:43:03+00:00,3.0,,internet,cloudflare-ipv4,4,tcp/443,ok,37.0,
3,2026-09-13T21:43:03+00:00,3.0,,internet,google-ipv4,4,tcp/53,ok,37.0,
3,2026-09-13T21:43:03+00:00,3.0,,internet,quad9-ipv4,4,tcp/53,ok,37.0,
3,2026-09-13T21:43:03+00:00,3.0,,dns-system,hostname-1,4,resolve,ok,12.0,
3,2026-09-13T21:43:03+00:00,3.0,,dns-query,hostname-1,4,resolve,ok,12.0,
3,2026-09-13T21:43:03+00:00,3.0,,dns-system,hostname-2,4,resolve,ok,12.0,
3,2026-09-13T21:43:03+00:00,3.0,,dns-query,hostname-2,4,resolve,ok,12.0,
3,2026-09-13T21:43:03+00:00,3.0,,service,hostname-1,0,https-head,ok,48.0,http
4,2026-09-13T21:43:04+00:00,4.0,,gateway,gateway-1,4,icmp,ok,1.4,
4,2026-09-13T21:43:04+00:00,4.0,,internet,cloudflare-ipv4,4,tcp/443,ok,37.0,
4,2026-09-13T21:43:04+00:00,4.0,,internet,google-ipv4,4,tcp/53,ok,37.0,
4,2026-09-13T21:43:04+00:00,4.0,,internet,quad9-ipv4,4,tcp/53,ok,37.0,
4,2026-09-13T21:43:04+00:00,4.0,,dns-system,hostname-1,4,resolve,ok,12.0,
4,2026-09-13T21:43:04+00:00,4.0,,dns-query,hostname-1,4,resolve,ok,12.0,
4,2026-09-13T21:43:04+00:00,4.0,,dns-system,hostname-2,4,resolve,ok,12.0,
4,2026-09-13T21:43:04+00:00,4.0,,dns-query,hostname-2,4,resolve,ok,12.0,
4,2026-09-13T21:43:04+00:00,4.0,,service,hostname-1,0,https-head,ok,48.0,http
5,2026-09-13T21:43:05+00:00,5.0,,gateway,gateway-1,4,icmp,ok,1.4,
5,2026-09-13T21:43:05+00:00,5.0,,internet,cloudflare-ipv4,4,tcp/443,ok,37.0,
5,2026-09-13T21:43:05+00:00,5.0,,internet,google-ipv4,4,tcp/53,ok,37.0,
5,2026-09-13T21:43:05+00:00,5.0,,internet,quad9-ipv4,4,tcp/53,ok,37.0,
5,2026-09-13T21:43:05+00:00,5.0,,dns-system,hostname-1,4,resolve,ok,12.0,
5,2026-09-13T21:43:05+00:00,5.0,,dns-query,hostname-1,4,resolve,ok,12.0,
5,2026-09-13T21:43:05+00:00,5.0,,dns-system,hostname-2,4,resolve,ok,12.0,
5,2026-09-13T21:43:05+00:00,5.0,,dns-query,hostname-2,4,resolve,ok,12.0,
5,2026-09-13T21:43:05+00:00,5.0,,service,hostname-1,0,https-head,ok,48.0,http
6,2026-09-13T21:43:06+00:00,6.0,,gateway,gateway-1,4,icmp,ok,1.4,
6,2026-09-13T21:43:06+00:00,6.0,,internet,cloudflare-ipv4,4,tcp/443,ok,37.0,
6,2026-09-13T21:43:06+00:00,6.0,,internet,google-ipv4,4,tcp/53,ok,37.0,
6,2026-09-13T21:43:06+00:00,6.0,,internet,quad9-ipv4,4,tcp/53,ok,37.0,
6,2026-09-13T21:43:06+00:00,6.0,,dns-system,hostname-1,4,resolve,ok,12.0,
6,2026-09-13T21:43:06+00:00,6.0,,dns-query,hostname-1,4,resolve,ok,12.0,
6,2026-09-13T21:43:06+00:00,6.0,,dns-system,hostname-2,4,resolve,ok,12.0,
6,2026-09-13T21:43:06+00:00,6.0,,dns-query,hostname-2,4,resolve,ok,12.0,
6,2026-09-13T21:43:06+00:00,6.0,,service,hostname-1,0,https-head,ok,48.0,http
7,2026-09-13T21:43:07+00:00,7.0,,gateway,gateway-1,4,icmp,ok,1.4,
7,2026-09-13T21:43:07+00:00,7.0,,internet,cloudflare-ipv4,4,tcp/443,ok,37.0,
7,2026-09-13T21:43:07+00:00,7.0,,internet,google-ipv4,4,tcp/53,ok,37.0,
7,2026-09-13T21:43:07+00:00,7.0,,internet,quad9-ipv4,4,tcp/53,ok,37.0,
7,2026-09-13T21:43:07+00:00,7.0,,dns-system,hostname-1,4,resolve,ok,12.0,
7,2026-09-13T21:43:07+00:00,7.0,,dns-query,hostname-1,4,resolve,ok,12.0,
7,2026-09-13T21:43:07+00:00,7.0,,dns-system,hostname-2,4,resolve,ok,12.0,
7,2026-09-13T21:43:07+00:00,7.0,,dns-query,hostname-2,4,resolve,ok,12.0,
7,2026-09-13T21:43:07+00:00,7.0,,service,hostname-1,0,https-head,ok,48.0,http
8,2026-09-13T21:43:08+00:00,8.0,,gateway,gateway-1,4,icmp,ok,1.4,
8,2026-09-13T21:43:08+00:00,8.0,,internet,cloudflare-ipv4,4,tcp/443,ok,37.0,
8,2026-09-13T21:43:08+00:00,8.0,,internet,google-ipv4,4,tcp/53,ok,37.0,
8,2026-09-13T21:43:08+00:00,8.0,,internet,quad9-ipv4,4,tcp/53,ok,37.0,
8,2026-09-13T21:43:08+00:00,8.0,,dns-system,hostname-1,4,resolve,ok,12.0,
8,2026-09-13T21:43:08+00:00,8.0,,dns-query,hostname-1,4,resolve,ok,12.0,
8,2026-09-13T21:43:08+00:00,8.0,,dns-system,hostname-2,4,resolve,ok,12.0,
8,2026-09-13T21:43:08+00:00,8.0,,dns-query,hostname-2,4,resolve,ok,12.0,
8,2026-09-13T21:43:08+00:00,8.0,,service,hostname-1,0,https-head,ok,48.0,http
9,2026-09-13T21:43:09+00:00,9.0,,gateway,gateway-1,4,icmp,ok,1.4,
9,2026-09-13T21:43:09+00:00,9.0,,internet,cloudflare-ipv4,4,tcp/443,ok,37.0,
9,2026-09-13T21:43:09+00:00,9.0,,internet,google-ipv4,4,tcp/53,ok,37.0,
9,2026-09-13T21:43:09+00:00,9.0,,internet,quad9-ipv4,4,tcp/53,ok,37.0,
9,2026-09-13T21:43:09+00:00,9.0,,dns-system,hostname-1,4,resolve,ok,12.0,
9,2026-09-13T21:43:09+00:00,9.0,,dns-query,hostname-1,4,resolve,ok,12.0,
9,2026-09-13T21:43:09+00:00,9.0,,dns-system,hostname-2,4,resolve,ok,12.0,
9,2026-09-13T21:43:09+00:00,9.0,,dns-query,hostname-2,4,resolve,ok,12.0,
9,2026-09-13T21:43:09+00:00,9.0,,service,hostname-1,0,https-head,ok,48.0,http
10,2026-09-13T21:43:10+00:00,10.0,,gateway,gateway-1,4,icmp,ok,1.4,
10,2026-09-13T21:43:10+00:00,10.0,,internet,cloudflare-ipv4,4,tcp/443,ok,37.0,
10,2026-09-13T21:43:10+00:00,10.0,,internet,google-ipv4,4,tcp/53,ok,37.0,
10,2026-09-13T21:43:10+00:00,10.0,,internet,quad9-ipv4,4,tcp/53,ok,37.0,
10,2026-09-13T21:43:10+00:00,10.0,,dns-system,hostname-1,4,resolve,ok,12.0,
10,2026-09-13T21:43:10+00:00,10.0,,dns-query,hostname-1,4,resolve,ok,12.0,
10,2026-09-13T21:43:10+00:00,10.0,,dns-system,hostname-2,4,resolve,ok,12.0,
10,2026-09-13T21:43:10+00:00,10.0,,dns-query,hostname-2,4,resolve,ok,12.0,
10,2026-09-13T21:43:10+00:00,10.0,,service,hostname-1,0,https-head,ok,48.0,http
11,2026-09-13T21:43:11+00:00,11.0,,gateway,gateway-1,4,icmp,ok,1.4,
11,2026-09-13T21:43:11+00:00,11.0,,internet,cloudflare-ipv4,4,tcp/443,ok,37.0,
11,2026-09-13T21:43:11+00:00,11.0,,internet,google-ipv4,4,tcp/53,ok,37.0,
11,2026-09-13T21:43:11+00:00,11.0,,internet,quad9-ipv4,4,tcp/53,ok,37.0,
11,2026-09-13T21:43:11+00:00,11.0,,dns-system,hostname-1,4,resolve,ok,12.0,
11,2026-09-13T21:43:11+00:00,11.0,,dns-query,hostname-1,4,resolve,ok,12.0,
11,2026-09-13T21:43:11+00:00,11.0,,dns-system,hostname-2,4,resolve,ok,12.0,
11,2026-09-13T21:43:11+00:00,11.0,,dns-query,hostname-2,4,resolve,ok,12.0,
11,2026-09-13T21:43:11+00:00,11.0,,service,hostname-1,0,https-head,ok,48.0,http
12,2026-09-13T21:43:12+00:00,12.0,,gateway,gateway-1,4,icmp,ok,1.4,
12,2026-09-13T21:43:12+00:00,12.0,,internet,cloudflare-ipv4,4,tcp/443,ok,37.0,
12,2026-09-13T21:43:12+00:00,12.0,,internet,google-ipv4,4,tcp/53,ok,37.0,
12,2026-09-13T21:43:12+00:00,12.0,,internet,quad9-ipv4,4,tcp/53,ok,37.0,
12,2026-09-13T21:43:12+00:00,12.0,,dns-system,hostname-1,4,resolve,ok,12.0,
12,2026-09-13T21:43:12+00:00,12.0,,dns-query,hostname-1,4,resolve,ok,12.0,
12,2026-09-13T21:43:12+00:00,12.0,,dns-system,hostname-2,4,resolve,ok,12.0,
12,2026-09-13T21:43:12+00:00,12.0,,dns-query,hostname-2,4,resolve,ok,12.0,
12,2026-09-13T21:43:12+00:00,12.0,,service,hostname-1,0,https-head,ok,48.0,http
13,2026-09-13T21:43:13+00:00,13.0,,gateway,gateway-1,4,icmp,ok,1.4,
13,2026-09-13T21:43:13+00:00,13.0,,internet,cloudflare-ipv4,4,tcp/443,ok,37.0,
13,2026-09-13T21:43:13+00:00,13.0,,internet,google-ipv4,4,tcp/53,ok,37.0,
13,2026-09-13T21:43:13+00:00,13.0,,internet,quad9-ipv4,4,tcp/53,ok,37.0,
13,2026-09-13T21:43:13+00:00,13.0,,dns-system,hostname-1,4,resolve,ok,12.0,
13,2026-09-13T21:43:13+00:00,13.0,,dns-query,hostname-1,4,resolve,ok,12.0,
13,2026-09-13T21:43:13+00:00,13.0,,dns-system,hostname-2,4,resolve,ok,12.0,
13,2026-09-13T21:43:13+00:00,13.0,,dns-query,hostname-2,4,resolve,ok,12.0,
13,2026-09-13T21:43:13+00:00,13.0,,service,hostname-1,0,https-head,ok,48.0,http
14,2026-09-13T21:43:14+00:00,14.0,,gateway,gateway-1,4,icmp,ok,1.4,
14,2026-09-13T21:43:14+00:00,14.0,,internet,cloudflare-ipv4,4,tcp/443,ok,37.0,
14,2026-09-13T21:43:14+00:00,14.0,,internet,google-ipv4,4,tcp/53,ok,37.0,
14,2026-09-13T21:43:14+00:00,14.0,,internet,quad9-ipv4,4,tcp/53,ok,37.0,
14,2026-09-13T21:43:14+00:00,14.0,,dns-system,hostname-1,4,resolve,ok,12.0,
14,2026-09-13T21:43:14+00:00,14.0,,dns-query,hostname-1,4,resolve,ok,12.0,
14,2026-09-13T21:43:14+00:00,14.0,,dns-system,hostname-2,4,resolve,ok,12.0,
14,2026-09-13T21:43:14+00:00,14.0,,dns-query,hostname-2,4,resolve,ok,12.0,
14,2026-09-13T21:43:14+00:00,14.0,,service,hostname-1,0,https-head,ok,48.0,http
15,2026-09-13T21:43:15+00:00,15.0,,gateway,gateway-1,4,icmp,ok,1.4,
15,2026-09-13T21:43:15+00:00,15.0,,internet,cloudflare-ipv4,4,tcp/443,ok,37.0,
15,2026-09-13T21:43:15+00:00,15.0,,internet,google-ipv4,4,tcp/53,ok,37.0,
15,2026-09-13T21:43:15+00:00,15.0,,internet,quad9-ipv4,4,tcp/53,ok,37.0,
15,2026-09-13T21:43:15+00:00,15.0,,dns-system,hostname-1,4,resolve,ok,12.0,
15,2026-09-13T21:43:15+00:00,15.0,,dns-query,hostname-1,4,resolve,ok,12.0,
15,2026-09-13T21:43:15+00:00,15.0,,dns-system,hostname-2,4,resolve,ok,12.0,
15,2026-09-13T21:43:15+00:00,15.0,,dns-query,hostname-2,4,resolve,ok,12.0,
15,2026-09-13T21:43:15+00:00,15.0,,service,hostname-1,0,https-head,ok,48.0,http
16,2026-09-13T21:43:16+00:00,16.0,,gateway,gateway-1,4,icmp,ok,1.4,
16,2026-09-13T21:43:16+00:00,16.0,,internet,cloudflare-ipv4,4,tcp/443,ok,37.0,
16,2026-09-13T21:43:16+00:00,16.0,,internet,google-ipv4,4,tcp/53,ok,37.0,
16,2026-09-13T21:43:16+00:00,16.0,,internet,quad9-ipv4,4,tcp/53,ok,37.0,
16,2026-09-13T21:43:16+00:00,16.0,,dns-system,hostname-1,4,resolve,ok,12.0,
16,2026-09-13T21:43:16+00:00,16.0,,dns-query,hostname-1,4,resolve,ok,12.0,
16,2026-09-13T21:43:16+00:00,16.0,,dns-system,hostname-2,4,resolve,ok,12.0,
16,2026-09-13T21:43:16+00:00,16.0,,dns-query,hostname-2,4,resolve,ok,12.0,
16,2026-09-13T21:43:16+00:00,16.0,,service,hostname-1,0,https-head,ok,48.0,http
17,2026-09-13T21:43:17+00:00,17.0,,gateway,gateway-1,4,icmp,ok,1.4,
17,2026-09-13T21:43:17+00:00,17.0,,internet,cloudflare-ipv4,4,tcp/443,ok,37.0,
17,2026-09-13T21:43:17+00:00,17.0,,internet,google-ipv4,4,tcp/53,ok,37.0,
17,2026-09-13T21:43:17+00:00,17.0,,internet,quad9-ipv4,4,tcp/53,ok,37.0,
17,2026-09-13T21:43:17+00:00,17.0,,dns-system,hostname-1,4,resolve,ok,12.0,
17,2026-09-13T21:43:17+00:00,17.0,,dns-query,hostname-1,4,resolve,ok,12.0,
17,2026-09-13T21:43:17+00:00,17.0,,dns-system,hostname-2,4,resolve,ok,12.0,
17,2026-09-13T21:43:17+00:00,17.0,,dns-query,hostname-2,4,resolve,ok,12.0,
17,2026-09-13T21:43:17+00:00,17.0,,service,hostname-1,0,https-head,ok,48.0,http
18,2026-09-13T21:43:18+00:00,18.0,,gateway,gateway-1,4,icmp,ok,1.4,
18,2026-09-13T21:43:18+00:00,18.0,,internet,cloudflare-ipv4,4,tcp/443,ok,37.0,
18,2026-09-13T21:43:18+00:00,18.0,,internet,google-ipv4,4,tcp/53,ok,37.0,
18,2026-09-13T21:43:18+00:00,18.0,,internet,quad9-ipv4,4,tcp/53,ok,37.0,
18,2026-09-13T21:43:18+00:00,18.0,,dns-system,hostname-1,4,resolve,ok,12.0,
18,2026-09-13T21:43:18+00:00,18.0,,dns-query,hostname-1,4,resolve,ok,12.0,
18,2026-09-13T21:43:18+00:00,18.0,,dns-system,hostname-2,4,resolve,ok,12.0,
18,2026-09-13T21:43:18+00:00,18.0,,dns-query,hostname-2,4,resolve,ok,12.0,
18,2026-09-13T21:43:18+00:00,18.0,,service,hostname-1,0,https-head,ok,48.0,http
19,2026-09-13T21:43:19+00:00,19.0,,gateway,gateway-1,4,icmp,ok,1.4,
19,2026-09-13T21:43:19+00:00,19.0,,internet,cloudflare-ipv4,4,tcp/443,ok,37.0,
19,2026-09-13T21:43:19+00:00,19.0,,internet,google-ipv4,4,tcp/53,ok,37.0,
19,2026-09-13T21:43:19+00:00,19.0,,internet,quad9-ipv4,4,tcp/53,ok,37.0,
19,2026-09-13T21:43:19+00:00,19.0,,dns-system,hostname-1,4,resolve,ok,12.0,
19,2026-09-13T21:43:19+00:00,19.0,,dns-query,hostname-1,4,resolve,ok,12.0,
19,2026-09-13T21:43:19+00:00,19.0,,dns-system,hostname-2,4,resolve,ok,12.0,
19,2026-09-13T21:43:19+00:00,19.0,,dns-query,hostname-2,4,resolve,ok,12.0,
19,2026-09-13T21:43:19+00:00,19.0,,service,hostname-1,0,https-head,ok,48.0,http
20,2026-09-13T21:43:20+00:00,20.0,,gateway,gateway-1,4,icmp,ok,1.4,
20,2026-09-13T21:43:20+00:00,20.0,,internet,cloudflare-ipv4,4,tcp/443,ok,184.0,
20,2026-09-13T21:43:20+00:00,20.0,,internet,google-ipv4,4,tcp/53,ok,184.0,
20,2026-09-13T21:43:20+00:00,20.0,,internet,quad9-ipv4,4,tcp/53,ok,184.0,
20,2026-09-13T21:43:20+00:00,20.0,,dns-system,hostname-1,4,resolve,ok,12.0,
20,2026-09-13T21:43:20+00:00,20.0,,dns-query,hostname-1,4,resolve,ok,12.0,
20,2026-09-13T21:43:20+00:00,20.0,,dns-system,hostname-2,4,resolve,ok,12.0,
20,2026-09-13T21:43:20+00:00,20.0,,dns-query,hostname-2,4,resolve,ok,12.0,
20,2026-09-13T21:43:20+00:00,20.0,,service,hostname-1,0,https-head,ok,48.0,http
21,2026-09-13T21:43:21+00:00,21.0,,gateway,gateway-1,4,icmp,ok,1.4,
21,2026-09-13T21:43:21+00:00,21.0,,internet,cloudflare-ipv4,4,tcp/443,ok,184.0,
21,2026-09-13T21:43:21+00:00,21.0,,internet,google-ipv4,4,tcp/53,ok,184.0,
21,2026-09-13T21:43:21+00:00,21.0,,internet,quad9-ipv4,4,tcp/53,ok,184.0,
21,2026-09-13T21:43:21+00:00,21.0,,dns-system,hostname-1,4,resolve,ok,12.0,
21,2026-09-13T21:43:21+00:00,21.0,,dns-query,hostname-1,4,resolve,ok,12.0,
21,2026-09-13T21:43:21+00:00,21.0,,dns-system,hostname-2,4,resolve,ok,12.0,
21,2026-09-13T21:43:21+00:00,21.0,,dns-query,hostname-2,4,resolve,ok,12.0,
21,2026-09-13T21:43:21+00:00,21.0,,service,hostname-1,0,https-head,ok,48.0,http
22,2026-09-13T21:43:22+00:00,22.0,latency-spike,gateway,gateway-1,4,icmp,ok,1.4,
22,2026-09-13T21:43:22+00:00,22.0,latency-spike,internet,cloudflare-ipv4,4,tcp/443,ok,184.0,
22,2026-09-13T21:43:22+00:00,22.0,latency-spike,internet,google-ipv4,4,tcp/53,ok,184.0,
22,2026-09-13T21:43:22+00:00,22.0,latency-spike,internet,quad9-ipv4,4,tcp/53,ok,184.0,
22,2026-09-13T21:43:22+00:00,22.0,latency-spike,dns-system,hostname-1,4,resolve,ok,12.0,
22,2026-09-13T21:43:22+00:00,22.0,latency-spike,dns-query,hostname-1,4,resolve,ok,12.0,
22,2026-09-13T21:43:22+00:00,22.0,latency-spike,dns-system,hostname-2,4,resolve,ok,12.0,
22,2026-09-13T21:43:22+00:00,22.0,latency-spike,dns-query,hostname-2,4,resolve,ok,12.0,
22,2026-09-13T21:43:22+00:00,22.0,latency-spike,service,hostname-1,0,https-head,ok,48.0,http
23,2026-09-13T21:43:23+00:00,23.0,latency-spike,gateway,gateway-1,4,icmp,ok,1.4,
23,2026-09-13T21:43:23+00:00,23.0,latency-spike,internet,cloudflare-ipv4,4,tcp/443,ok,184.0,
23,2026-09-13T21:43:23+00:00,23.0,latency-spike,internet,google-ipv4,4,tcp/53,ok,184.0,
23,2026-09-13T21:43:23+00:00,23.0,latency-spike,internet,quad9-ipv4,4,tcp/53,ok,184.0,
23,2026-09-13T21:43:23+00:00,23.0,latency-spike,dns-system,hostname-1,4,resolve,ok,12.0,
23,2026-09-13T21:43:23+00:00,23.0,latency-spike,dns-query,hostname-1,4,resolve,ok,12.0,
23,2026-09-13T21:43:23+00:00,23.0,latency-spike,dns-system,hostname-2,4,resolve,ok,12.0,
23,2026-09-13T21:43:23+00:00,23.0,latency-spike,dns-query,hostname-2,4,resolve,ok,12.0,
23,2026-09-13T21:43:23+00:00,23.0,latency-spike,service,hostname-1,0,https-head,ok,48.0,http
24,2026-09-13T21:43:24+00:00,24.0,internet-loss,gateway,gateway-1,4,icmp,ok,1.4,
24,2026-09-13T21:43:24+00:00,24.0,internet-loss,internet,cloudflare-ipv4,4,tcp/443,fail,,
24,2026-09-13T21:43:24+00:00,24.0,internet-loss,internet,google-ipv4,4,tcp/53,fail,,
24,2026-09-13T21:43:24+00:00,24.0,internet-loss,internet,quad9-ipv4,4,tcp/53,fail,,
24,2026-09-13T21:43:24+00:00,24.0,internet-loss,dns-system,hostname-1,4,resolve,fail,1500.0,
24,2026-09-13T21:43:24+00:00,24.0,internet-loss,dns-query,hostname-1,4,resolve,fail,1500.0,
24,2026-09-13T21:43:24+00:00,24.0,internet-loss,dns-system,hostname-2,4,resolve,fail,1500.0,
24,2026-09-13T21:43:24+00:00,24.0,internet-loss,dns-query,hostname-2,4,resolve,fail,1500.0,
24,2026-09-13T21:43:24+00:00,24.0,internet-loss,service,hostname-1,0,https-head,fail,,tcp
25,2026-09-13T21:43:25+00:00,25.0,internet-loss,gateway,gateway-1,4,icmp,ok,1.4,
25,2026-09-13T21:43:25+00:00,25.0,internet-loss,internet,cloudflare-ipv4,4,tcp/443,fail,,
25,2026-09-13T21:43:25+00:00,25.0,internet-loss,internet,google-ipv4,4,tcp/53,fail,,
25,2026-09-13T21:43:25+00:00,25.0,internet-loss,internet,quad9-ipv4,4,tcp/53,fail,,
25,2026-09-13T21:43:25+00:00,25.0,internet-loss,dns-system,hostname-1,4,resolve,fail,1500.0,
25,2026-09-13T21:43:25+00:00,25.0,internet-loss,dns-query,hostname-1,4,resolve,fail,1500.0,
25,2026-09-13T21:43:25+00:00,25.0,internet-loss,dns-system,hostname-2,4,resolve,fail,1500.0,
25,2026-09-13T21:43:25+00:00,25.0,internet-loss,dns-query,hostname-2,4,resolve,fail,1500.0,
25,2026-09-13T21:43:25+00:00,25.0,internet-loss,service,hostname-1,0,https-head,fail,,tcp
26,2026-09-13T21:43:26+00:00,26.0,internet-loss,gateway,gateway-1,4,icmp,ok,1.4,
26,2026-09-13T21:43:26+00:00,26.0,internet-loss,internet,cloudflare-ipv4,4,tcp/443,fail,,
26,2026-09-13T21:43:26+00:00,26.0,internet-loss,internet,google-ipv4,4,tcp/53,fail,,
26,2026-09-13T21:43:26+00:00,26.0,internet-loss,internet,quad9-ipv4,4,tcp/53,fail,,
26,2026-09-13T21:43:26+00:00,26.0,internet-loss,dns-system,hostname-1,4,resolve,fail,1500.0,
26,2026-09-13T21:43:26+00:00,26.0,internet-loss,dns-query,hostname-1,4,resolve,fail,1500.0,
26,2026-09-13T21:43:26+00:00,26.0,internet-loss,dns-system,hostname-2,4,resolve,fail,1500.0,
26,2026-09-13T21:43:26+00:00,26.0,internet-loss,dns-query,hostname-2,4,resolve,fail,1500.0,
26,2026-09-13T21:43:26+00:00,26.0,internet-loss,service,hostname-1,0,https-head,fail,,tcp
27,2026-09-13T21:43:27+00:00,27.0,internet-loss,gateway,gateway-1,4,icmp,ok,1.4,
27,2026-09-13T21:43:27+00:00,27.0,internet-loss,internet,cloudflare-ipv4,4,tcp/443,fail,,
27,2026-09-13T21:43:27+00:00,27.0,internet-loss,internet,google-ipv4,4,tcp/53,fail,,
27,2026-09-13T21:43:27+00:00,27.0,internet-loss,internet,quad9-ipv4,4,tcp/53,fail,,
27,2026-09-13T21:43:27+00:00,27.0,internet-loss,dns-system,hostname-1,4,resolve,fail,1500.0,
27,2026-09-13T21:43:27+00:00,27.0,internet-loss,dns-query,hostname-1,4,resolve,fail,1500.0,
27,2026-09-13T21:43:27+00:00,27.0,internet-loss,dns-system,hostname-2,4,resolve,fail,1500.0,
27,2026-09-13T21:43:27+00:00,27.0,internet-loss,dns-query,hostname-2,4,resolve,fail,1500.0,
27,2026-09-13T21:43:27+00:00,27.0,internet-loss,service,hostname-1,0,https-head,fail,,tcp
28,2026-09-13T21:43:28+00:00,28.0,internet-loss,gateway,gateway-1,4,icmp,ok,1.4,
28,2026-09-13T21:43:28+00:00,28.0,internet-loss,internet,cloudflare-ipv4,4,tcp/443,fail,,
28,2026-09-13T21:43:28+00:00,28.0,internet-loss,internet,google-ipv4,4,tcp/53,fail,,
28,2026-09-13T21:43:28+00:00,28.0,internet-loss,internet,quad9-ipv4,4,tcp/53,fail,,
28,2026-09-13T21:43:28+00:00,28.0,internet-loss,dns-system,hostname-1,4,resolve,fail,1500.0,
28,2026-09-13T21:43:28+00:00,28.0,internet-loss,dns-query,hostname-1,4,resolve,fail,1500.0,
28,2026-09-13T21:43:28+00:00,28.0,internet-loss,dns-system,hostname-2,4,resolve,fail,1500.0,
28,2026-09-13T21:43:28+00:00,28.0,internet-loss,dns-query,hostname-2,4,resolve,fail,1500.0,
28,2026-09-13T21:43:28+00:00,28.0,internet-loss,service,hostname-1,0,https-head,fail,,tcp
29,2026-09-13T21:43:29+00:00,29.0,internet-loss,gateway,gateway-1,4,icmp,ok,1.4,
29,2026-09-13T21:43:29+00:00,29.0,internet-loss,internet,cloudflare-ipv4,4,tcp/443,fail,,
29,2026-09-13T21:43:29+00:00,29.0,internet-loss,internet,google-ipv4,4,tcp/53,fail,,
29,2026-09-13T21:43:29+00:00,29.0,internet-loss,internet,quad9-ipv4,4,tcp/53,fail,,
29,2026-09-13T21:43:29+00:00,29.0,internet-loss,dns-system,hostname-1,4,resolve,fail,1500.0,
29,2026-09-13T21:43:29+00:00,29.0,internet-loss,dns-query,hostname-1,4,resolve,fail,1500.0,
29,2026-09-13T21:43:29+00:00,29.0,internet-loss,dns-system,hostname-2,4,resolve,fail,1500.0,
29,2026-09-13T21:43:29+00:00,29.0,internet-loss,dns-query,hostname-2,4,resolve,fail,1500.0,
29,2026-09-13T21:43:29+00:00,29.0,internet-loss,service,hostname-1,0,https-head,fail,,tcp
30,2026-09-13T21:43:30+00:00,30.0,internet-loss,gateway,gateway-1,4,icmp,ok,1.4,
30,2026-09-13T21:43:30+00:00,30.0,internet-loss,internet,cloudflare-ipv4,4,tcp/443,fail,,
30,2026-09-13T21:43:30+00:00,30.0,internet-loss,internet,google-ipv4,4,tcp/53,fail,,
30,2026-09-13T21:43:30+00:00,30.0,internet-loss,internet,quad9-ipv4,4,tcp/53,fail,,
30,2026-09-13T21:43:30+00:00,30.0,internet-loss,dns-system,hostname-1,4,resolve,fail,1500.0,
30,2026-09-13T21:43:30+00:00,30.0,internet-loss,dns-query,hostname-1,4,resolve,fail,1500.0,
30,2026-09-13T21:43:30+00:00,30.0,internet-loss,dns-system,hostname-2,4,resolve,fail,1500.0,
30,2026-09-13T21:43:30+00:00,30.0,internet-loss,dns-query,hostname-2,4,resolve,fail,1500.0,
30,2026-09-13T21:43:30+00:00,30.0,internet-loss,service,hostname-1,0,https-head,fail,,tcp
31,2026-09-13T21:43:31+00:00,31.0,internet-loss,gateway,gateway-1,4,icmp,ok,1.4,
31,2026-09-13T21:43:31+00:00,31.0,internet-loss,internet,cloudflare-ipv4,4,tcp/443,fail,,
31,2026-09-13T21:43:31+00:00,31.0,internet-loss,internet,google-ipv4,4,tcp/53,fail,,
31,2026-09-13T21:43:31+00:00,31.0,internet-loss,internet,quad9-ipv4,4,tcp/53,fail,,
31,2026-09-13T21:43:31+00:00,31.0,internet-loss,dns-system,hostname-1,4,resolve,fail,1500.0,
31,2026-09-13T21:43:31+00:00,31.0,internet-loss,dns-query,hostname-1,4,resolve,fail,1500.0,
31,2026-09-13T21:43:31+00:00,31.0,internet-loss,dns-system,hostname-2,4,resolve,fail,1500.0,
31,2026-09-13T21:43:31+00:00,31.0,internet-loss,dns-query,hostname-2,4,resolve,fail,1500.0,
31,2026-09-13T21:43:31+00:00,31.0,internet-loss,service,hostname-1,0,https-head,fail,,tcp
32,2026-09-13T21:43:32+00:00,32.0,internet-loss,gateway,gateway-1,4,icmp,ok,1.4,
32,2026-09-13T21:43:32+00:00,32.0,internet-loss,internet,cloudflare-ipv4,4,tcp/443,fail,,
32,2026-09-13T21:43:32+00:00,32.0,internet-loss,internet,google-ipv4,4,tcp/53,fail,,
32,2026-09-13T21:43:32+00:00,32.0,internet-loss,internet,quad9-ipv4,4,tcp/53,fail,,
32,2026-09-13T21:43:32+00:00,32.0,internet-loss,dns-system,hostname-1,4,resolve,fail,1500.0,
32,2026-09-13T21:43:32+00:00,32.0,internet-loss,dns-query,hostname-1,4,resolve,fail,1500.0,
32,2026-09-13T21:43:32+00:00,32.0,internet-loss,dns-system,hostname-2,4,resolve,fail,1500.0,
32,2026-09-13T21:43:32+00:00,32.0,internet-loss,dns-query,hostname-2,4,resolve,fail,1500.0,
32,2026-09-13T21:43:32+00:00,32.0,internet-loss,service,hostname-1,0,https-head,fail,,tcp
33,2026-09-13T21:43:33+00:00,33.0,internet-loss,gateway,gateway-1,4,icmp,ok,1.4,
33,2026-09-13T21:43:33+00:00,33.0,internet-loss,internet,cloudflare-ipv4,4,tcp/443,fail,,
33,2026-09-13T21:43:33+00:00,33.0,internet-loss,internet,google-ipv4,4,tcp/53,fail,,
33,2026-09-13T21:43:33+00:00,33.0,internet-loss,internet,quad9-ipv4,4,tcp/53,fail,,
33,2026-09-13T21:43:33+00:00,33.0,internet-loss,dns-system,hostname-1,4,resolve,fail,1500.0,
33,2026-09-13T21:43:33+00:00,33.0,internet-loss,dns-query,hostname-1,4,resolve,fail,1500.0,
33,2026-09-13T21:43:33+00:00,33.0,internet-loss,dns-system,hostname-2,4,resolve,fail,1500.0,
33,2026-09-13T21:43:33+00:00,33.0,internet-loss,dns-query,hostname-2,4,resolve,fail,1500.0,
33,2026-09-13T21:43:33+00:00,33.0,internet-loss,service,hostname-1,0,https-head,fail,,tcp
34,2026-09-13T21:43:34+00:00,34.0,internet-loss,gateway,gateway-1,4,icmp,ok,1.4,
34,2026-09-13T21:43:34+00:00,34.0,internet-loss,internet,cloudflare-ipv4,4,tcp/443,fail,,
34,2026-09-13T21:43:34+00:00,34.0,internet-loss,internet,google-ipv4,4,tcp/53,fail,,
34,2026-09-13T21:43:34+00:00,34.0,internet-loss,internet,quad9-ipv4,4,tcp/53,fail,,
34,2026-09-13T21:43:34+00:00,34.0,internet-loss,dns-system,hostname-1,4,resolve,fail,1500.0,
34,2026-09-13T21:43:34+00:00,34.0,internet-loss,dns-query,hostname-1,4,resolve,fail,1500.0,
34,2026-09-13T21:43:34+00:00,34.0,internet-loss,dns-system,hostname-2,4,resolve,fail,1500.0,
34,2026-09-13T21:43:34+00:00,34.0,internet-loss,dns-query,hostname-2,4,resolve,fail,1500.0,
34,2026-09-13T21:43:34+00:00,34.0,internet-loss,service,hostname-1,0,https-head,fail,,tcp
35,2026-09-13T21:43:35+00:00,35.0,internet-loss,gateway,gateway-1,4,icmp,ok,1.4,
35,2026-09-13T21:43:35+00:00,35.0,internet-loss,internet,cloudflare-ipv4,4,tcp/443,fail,,
35,2026-09-13T21:43:35+00:00,35.0,internet-loss,internet,google-ipv4,4,tcp/53,fail,,
35,2026-09-13T21:43:35+00:00,35.0,internet-loss,internet,quad9-ipv4,4,tcp/53,fail,,
35,2026-09-13T21:43:35+00:00,35.0,internet-loss,dns-system,hostname-1,4,resolve,fail,1500.0,
35,2026-09-13T21:43:35+00:00,35.0,internet-loss,dns-query,hostname-1,4,resolve,fail,1500.0,
35,2026-09-13T21:43:35+00:00,35.0,internet-loss,dns-system,hostname-2,4,resolve,fail,1500.0,
35,2026-09-13T21:43:35+00:00,35.0,internet-loss,dns-query,hostname-2,4,resolve,fail,1500.0,
35,2026-09-13T21:43:35+00:00,35.0,internet-loss,service,hostname-1,0,https-head,fail,,tcp
36,2026-09-13T21:43:36+00:00,36.0,,gateway,gateway-1,4,icmp,ok,1.4,
36,2026-09-13T21:43:36+00:00,36.0,,internet,cloudflare-ipv4,4,tcp/443,ok,37.0,
36,2026-09-13T21:43:36+00:00,36.0,,internet,google-ipv4,4,tcp/53,ok,37.0,
36,2026-09-13T21:43:36+00:00,36.0,,internet,quad9-ipv4,4,tcp/53,ok,37.0,
36,2026-09-13T21:43:36+00:00,36.0,,dns-system,hostname-1,4,resolve,ok,12.0,
36,2026-09-13T21:43:36+00:00,36.0,,dns-query,hostname-1,4,resolve,ok,12.0,
36,2026-09-13T21:43:36+00:00,36.0,,dns-system,hostname-2,4,resolve,ok,12.0,
36,2026-09-13T21:43:36+00:00,36.0,,dns-query,hostname-2,4,resolve,ok,12.0,
36,2026-09-13T21:43:36+00:00,36.0,,service,hostname-1,0,https-head,ok,48.0,http
37,2026-09-13T21:43:37+00:00,37.0,,gateway,gateway-1,4,icmp,ok,1.4,
37,2026-09-13T21:43:37+00:00,37.0,,internet,cloudflare-ipv4,4,tcp/443,ok,37.0,
37,2026-09-13T21:43:37+00:00,37.0,,internet,google-ipv4,4,tcp/53,ok,37.0,
37,2026-09-13T21:43:37+00:00,37.0,,internet,quad9-ipv4,4,tcp/53,ok,37.0,
37,2026-09-13T21:43:37+00:00,37.0,,dns-system,hostname-1,4,resolve,ok,12.0,
37,2026-09-13T21:43:37+00:00,37.0,,dns-query,hostname-1,4,resolve,ok,12.0,
37,2026-09-13T21:43:37+00:00,37.0,,dns-system,hostname-2,4,resolve,ok,12.0,
37,2026-09-13T21:43:37+00:00,37.0,,dns-query,hostname-2,4,resolve,ok,12.0,
37,2026-09-13T21:43:37+00:00,37.0,,service,hostname-1,0,https-head,ok,48.0,http
38,2026-09-13T21:43:38+00:00,38.0,,gateway,gateway-1,4,icmp,ok,1.4,
38,2026-09-13T21:43:38+00:00,38.0,,internet,cloudflare-ipv4,4,tcp/443,ok,37.0,
38,2026-09-13T21:43:38+00:00,38.0,,internet,google-ipv4,4,tcp/53,ok,37.0,
38,2026-09-13T21:43:38+00:00,38.0,,internet,quad9-ipv4,4,tcp/53,ok,37.0,
38,2026-09-13T21:43:38+00:00,38.0,,dns-system,hostname-1,4,resolve,ok,12.0,
38,2026-09-13T21:43:38+00:00,38.0,,dns-query,hostname-1,4,resolve,ok,12.0,
38,2026-09-13T21:43:38+00:00,38.0,,dns-system,hostname-2,4,resolve,ok,12.0,
38,2026-09-13T21:43:38+00:00,38.0,,dns-query,hostname-2,4,resolve,ok,12.0,
38,2026-09-13T21:43:38+00:00,38.0,,service,hostname-1,0,https-head,ok,48.0,http
39,2026-09-13T21:43:39+00:00,39.0,,gateway,gateway-1,4,icmp,ok,1.4,
39,2026-09-13T21:43:39+00:00,39.0,,internet,cloudflare-ipv4,4,tcp/443,ok,37.0,
39,2026-09-13T21:43:39+00:00,39.0,,internet,google-ipv4,4,tcp/53,ok,37.0,
39,2026-09-13T21:43:39+00:00,39.0,,internet,quad9-ipv4,4,tcp/53,ok,37.0,
39,2026-09-13T21:43:39+00:00,39.0,,dns-system,hostname-1,4,resolve,ok,12.0,
39,2026-09-13T21:43:39+00:00,39.0,,dns-query,hostname-1,4,resolve,ok,12.0,
39,2026-09-13T21:43:39+00:00,39.0,,dns-system,hostname-2,4,resolve,ok,12.0,
39,2026-09-13T21:43:39+00:00,39.0,,dns-query,hostname-2,4,resolve,ok,12.0,
39,2026-09-13T21:43:39+00:00,39.0,,service,hostname-1,0,https-head,ok,48.0,http
40,2026-09-13T21:43:40+00:00,40.0,,gateway,gateway-1,4,icmp,ok,1.4,
40,2026-09-13T21:43:40+00:00,40.0,,internet,cloudflare-ipv4,4,tcp/443,ok,37.0,
40,2026-09-13T21:43:40+00:00,40.0,,internet,google-ipv4,4,tcp/53,ok,37.0,
40,2026-09-13T21:43:40+00:00,40.0,,internet,quad9-ipv4,4,tcp/53,ok,37.0,
40,2026-09-13T21:43:40+00:00,40.0,,dns-system,hostname-1,4,resolve,ok,12.0,
40,2026-09-13T21:43:40+00:00,40.0,,dns-query,hostname-1,4,resolve,ok,12.0,
40,2026-09-13T21:43:40+00:00,40.0,,dns-system,hostname-2,4,resolve,ok,12.0,
40,2026-09-13T21:43:40+00:00,40.0,,dns-query,hostname-2,4,resolve,ok,12.0,
40,2026-09-13T21:43:40+00:00,40.0,,service,hostname-1,0,https-head,ok,48.0,http
41,2026-09-13T21:43:41+00:00,41.0,,gateway,gateway-1,4,icmp,ok,1.4,
41,2026-09-13T21:43:41+00:00,41.0,,internet,cloudflare-ipv4,4,tcp/443,ok,37.0,
41,2026-09-13T21:43:41+00:00,41.0,,internet,google-ipv4,4,tcp/53,ok,37.0,
41,2026-09-13T21:43:41+00:00,41.0,,internet,quad9-ipv4,4,tcp/53,ok,37.0,
41,2026-09-13T21:43:41+00:00,41.0,,dns-system,hostname-1,4,resolve,ok,12.0,
41,2026-09-13T21:43:41+00:00,41.0,,dns-query,hostname-1,4,resolve,ok,12.0,
41,2026-09-13T21:43:41+00:00,41.0,,dns-system,hostname-2,4,resolve,ok,12.0,
41,2026-09-13T21:43:41+00:00,41.0,,dns-query,hostname-2,4,resolve,ok,12.0,
41,2026-09-13T21:43:41+00:00,41.0,,service,hostname-1,0,https-head,ok,48.0,http
42,2026-09-13T21:43:42+00:00,42.0,,gateway,gateway-1,4,icmp,ok,1.4,
42,2026-09-13T21:43:42+00:00,42.0,,internet,cloudflare-ipv4,4,tcp/443,ok,37.0,
42,2026-09-13T21:43:42+00:00,42.0,,internet,google-ipv4,4,tcp/53,ok,37.0,
42,2026-09-13T21:43:42+00:00,42.0,,internet,quad9-ipv4,4,tcp/53,ok,37.0,
42,2026-09-13T21:43:42+00:00,42.0,,dns-system,hostname-1,4,resolve,ok,12.0,
42,2026-09-13T21:43:42+00:00,42.0,,dns-query,hostname-1,4,resolve,ok,12.0,
42,2026-09-13T21:43:42+00:00,42.0,,dns-system,hostname-2,4,resolve,ok,12.0,
42,2026-09-13T21:43:42+00:00,42.0,,dns-query,hostname-2,4,resolve,ok,12.0,
42,2026-09-13T21:43:42+00:00,42.0,,service,hostname-1,0,https-head,ok,48.0,http
